{
    "hate classification": {
        "accuracy": 0.49899799599198397,
        "precision": 0.49899799599198397,
        "recall": 1.0,
        "f1": 0.6657754010695187
    }
}