{
    "direct answer": {
        "accuracy": 0.22356589147286823
    },
    "multiple choice": {
        "accuracy": 0.00611353711790393
    }
}