{
    "hate classification": {
        "accuracy": 0.5520833333333334,
        "precision": 0.5952380952380952,
        "recall": 0.49019607843137253,
        "f1": 0.5376344086021505
    }
}