{
    "hate classification": {
        "accuracy": 0.5454545454545454,
        "precision": 0.6046511627906976,
        "recall": 0.6666666666666666,
        "f1": 0.6341463414634145
    }
}