{
    "hate classification": {
        "accuracy": 0.49056603773584906,
        "precision": 0.5333333333333333,
        "recall": 0.5517241379310345,
        "f1": 0.5423728813559322
    }
}