{
    "hate classification": {
        "accuracy": 0.6046511627906976,
        "precision": 0.6046511627906976,
        "recall": 1.0,
        "f1": 0.7536231884057971
    }
}