{
    "entailment prediction": {
        "accuracy": 0.3680851063829787,
        "precision": 0.456342062193126,
        "recall": 0.3680851063829787,
        "f1": 0.20312591214599007
    }
}