{
    "entailment prediction": {
        "accuracy": 0.4195804195804196,
        "precision": 0.37626330207939473,
        "recall": 0.4195804195804196,
        "f1": 0.31605987505105054
    }
}