{
    "sexism classification": {
        "accuracy": 0.5,
        "precision": 0.5657894736842105,
        "recall": 0.11944444444444445,
        "f1": 0.19724770642201833
    }
}