{
    "sexism classification": {
        "accuracy": 0.5066666666666667,
        "precision": 1.0,
        "recall": 0.02631578947368421,
        "f1": 0.05128205128205127
    }
}