{
    "sexism classification": {
        "accuracy": 0.5340909090909091,
        "precision": 0.7142857142857143,
        "recall": 0.2127659574468085,
        "f1": 0.32786885245901637
    }
}