{
    "sexism classification": {
        "accuracy": 0.49635036496350365,
        "precision": 0.5409836065573771,
        "recall": 0.09428571428571429,
        "f1": 0.16058394160583941
    }
}