{
    "sexism classification": {
        "accuracy": 0.5196599362380446,
        "precision": 0.5428571428571428,
        "recall": 0.2425531914893617,
        "f1": 0.3352941176470588
    }
}