{
    "hate classification": {
        "accuracy": 0.6258503401360545,
        "precision": 0.6258503401360545,
        "recall": 1.0,
        "f1": 0.7698744769874477
    }
}