{
    "hate classification": {
        "accuracy": 0.4627659574468085,
        "precision": 0.46875,
        "recall": 0.47368421052631576,
        "f1": 0.4712041884816754
    }
}