{
    "hate classification": {
        "accuracy": 0.4626865671641791,
        "precision": 0.46788990825688076,
        "recall": 0.504950495049505,
        "f1": 0.4857142857142857
    }
}