{
    "hate classification": {
        "accuracy": 0.46236559139784944,
        "precision": 0.4631578947368421,
        "recall": 0.4731182795698925,
        "f1": 0.46808510638297873
    }
}