{
    "hate classification": {
        "accuracy": 0.4623115577889447,
        "precision": 0.46296296296296297,
        "recall": 0.5050505050505051,
        "f1": 0.48309178743961356
    }
}