{
    "hate classification": {
        "accuracy": 0.5,
        "precision": 0.46153846153846156,
        "recall": 0.6666666666666666,
        "f1": 0.5454545454545455
    }
}