{
    "entailment prediction": {
        "accuracy": 0.6306648575305291,
        "precision": 0.7492937885328871,
        "recall": 0.6306648575305291,
        "f1": 0.6354977263236484
    }
}