{
    "entailment prediction": {
        "accuracy": 0.3923460898502496,
        "precision": 0.3695310816024822,
        "recall": 0.3923460898502496,
        "f1": 0.25530033213572517
    }
}