{
    "entailment prediction": {
        "accuracy": 0.37971887550200806,
        "precision": 0.3784924783492634,
        "recall": 0.37971887550200806,
        "f1": 0.31849307359474055
    }
}