{
    "entailment prediction": {
        "accuracy": 0.3879800853485064,
        "precision": 0.24165735739776273,
        "recall": 0.3879800853485064,
        "f1": 0.22975020388392303
    }
}