{
    "hate classification": {
        "accuracy": 0.5811623246492986,
        "precision": 0.6289308176100629,
        "recall": 0.4,
        "f1": 0.4889975550122249
    }
}