{
    "sexism classification": {
        "accuracy": 0.5618945102260495,
        "precision": 0.5407554671968191,
        "recall": 0.6071428571428571,
        "f1": 0.5720294426919033
    }
}