{
    "sexism classification": {
        "accuracy": 0.5623655913978495,
        "precision": 0.5416666666666666,
        "recall": 0.6080178173719376,
        "f1": 0.5729275970619098
    }
}