{
    "hate classification": {
        "accuracy": 0.5140997830802603,
        "precision": 0.5416666666666666,
        "recall": 0.11403508771929824,
        "f1": 0.18840579710144925
    }
}