{
    "hate classification": {
        "accuracy": 0.5131578947368421,
        "precision": 0.5348837209302325,
        "recall": 0.10222222222222223,
        "f1": 0.17164179104477612
    }
}