{
    "sentiment analysis": {
        "accuracy": 0.6770516717325228,
        "precision": 0.6753159404495611,
        "recall": 0.6770516717325228,
        "f1": 0.6761721557689371
    }
}