{
    "entailment prediction": {
        "accuracy": 0.3777849185946872,
        "precision": 0.41594944389696903,
        "recall": 0.3777849185946872,
        "f1": 0.32397773118398954
    }
}