{
    "entailment prediction": {
        "accuracy": 0.3766404199475066,
        "precision": 0.4164215262259293,
        "recall": 0.3766404199475066,
        "f1": 0.31997241351932465
    }
}