{
    "entailment prediction": {
        "accuracy": 0.37670858392564244,
        "precision": 0.41645644203287974,
        "recall": 0.37670858392564244,
        "f1": 0.3200317643119623
    }
}