{
    "entailment prediction": {
        "accuracy": 0.5408412483039349,
        "precision": 0.7196427610443202,
        "recall": 0.5408412483039349,
        "f1": 0.505001082030908
    }
}