{
    "sentiment analysis": {
        "accuracy": 0.579476861167002,
        "precision": 0.35757401552170165,
        "recall": 0.579476861167002,
        "f1": 0.43296670011799504
    }
}