{
    "sentiment analysis": {
        "accuracy": 0.5560975609756098,
        "precision": 0.3128902738658836,
        "recall": 0.5560975609756098,
        "f1": 0.40046019328117805
    }
}