{
    "sentiment analysis": {
        "accuracy": 0.5747368421052632,
        "precision": 0.656564534018035,
        "recall": 0.5747368421052632,
        "f1": 0.4220194540745424
    }
}