{
    "sentiment analysis": {
        "accuracy": 0.5689001264222503,
        "precision": 0.6382122163858773,
        "recall": 0.5689001264222503,
        "f1": 0.4143236377944875
    }
}