{
    "sexism classification": {
        "accuracy": 0.5265017667844523,
        "precision": 0.543010752688172,
        "recall": 0.6733333333333333,
        "f1": 0.6011904761904762
    }
}