{
    "sexism classification": {
        "accuracy": 0.5202702702702703,
        "precision": 0.544973544973545,
        "recall": 0.6477987421383647,
        "f1": 0.5919540229885057
    }
}