{
    "sexism classification": {
        "accuracy": 0.52734375,
        "precision": 0.543010752688172,
        "recall": 0.7372262773722628,
        "f1": 0.6253869969040248
    }
}