{
    "sexism classification": {
        "accuracy": 0.5340909090909091,
        "precision": 0.5515463917525774,
        "recall": 0.7482517482517482,
        "f1": 0.6350148367952523
    }
}