{
    "sexism classification": {
        "accuracy": 0.52,
        "precision": 0.5102880658436214,
        "recall": 0.992,
        "f1": 0.673913043478261
    }
}