{
    "sentiment analysis": {
        "accuracy": 0.6801116184677829,
        "precision": 0.6674599083062228,
        "recall": 0.6801116184677829,
        "f1": 0.6701120642181281
    }
}