{
    "sentiment analysis": {
        "accuracy": 0.681240467717336,
        "precision": 0.6682628354947662,
        "recall": 0.681240467717336,
        "f1": 0.6708900033434216
    }
}