{
    "sentiment analysis": {
        "accuracy": 0.6828272518499617,
        "precision": 0.668649083716415,
        "recall": 0.6828272518499617,
        "f1": 0.6718704565923078
    }
}