{
    "direct answer": {
        "accuracy": 0.4846511627906977
    },
    "multiple choice": {
        "accuracy": 0.6096069868995633
    }
}