{
    "sexism classification": {
        "accuracy": 0.5742444152431012,
        "precision": 0.6507936507936508,
        "recall": 0.3228346456692913,
        "f1": 0.43157894736842106
    }
}