{
    "sexism classification": {
        "accuracy": 0.5743243243243243,
        "precision": 0.6607142857142857,
        "recall": 0.3008130081300813,
        "f1": 0.4134078212290503
    }
}