{
    "entailment prediction": {
        "accuracy": 0.3264818355640535,
        "precision": 0.614430592691089,
        "recall": 0.3264818355640535,
        "f1": 0.251622303545893
    }
}