{
    "direct answer (aokvqa)": {
        "accuracy": 0.12186046511627907
    },
    "multiple choice (aokvqa)": {
        "accuracy": 0.048034934497816595
    }
}