{
    "entailment prediction": {
        "accuracy": 0.5006969180734087,
        "precision": 0.6500453285427541,
        "recall": 0.5006969180734087,
        "f1": 0.4636969342613138
    }
}