{
    "sentiment analysis": {
        "accuracy": 0.6785403996524761,
        "precision": 0.6614726169792785,
        "recall": 0.6785403996524761,
        "f1": 0.6681270441356308
    }
}