{
    "sentiment analysis": {
        "accuracy": 0.5925537493445202,
        "precision": 0.6485148793104905,
        "recall": 0.5925537493445202,
        "f1": 0.5993614075942341
    }
}