{
    "sentiment analysis": {
        "accuracy": 0.5917069447977614,
        "precision": 0.647202443936331,
        "recall": 0.5917069447977614,
        "f1": 0.598432851552898
    }
}