{
    "sentiment analysis": {
        "accuracy": 0.5887014314928425,
        "precision": 0.5832055795743045,
        "recall": 0.5887014314928425,
        "f1": 0.5372766779358107
    }
}