{
    "sentiment analysis": {
        "accuracy": 0.5900131406044679,
        "precision": 0.5816708994991874,
        "recall": 0.5900131406044679,
        "f1": 0.5358998527175705
    }
}