{
    "sentiment analysis": {
        "accuracy": 0.5902777777777778,
        "precision": 0.5834570528448306,
        "recall": 0.5902777777777778,
        "f1": 0.5380386992513619
    }
}