{
    "sentiment analysis": {
        "accuracy": 0.1690747782002535,
        "precision": 0.7269840296768622,
        "recall": 0.1690747782002535,
        "f1": 0.13793021932640548
    }
}